{
  "inputs": {
    "Lx": 200.0,
    "Ly": 140.0,
    "thickness": 10.0,
    "h": 60.0,
    "h_refine": 25.0,
    "refine_band": 35.0,
    "q0": 8.407424266553965,
    "r0": 20.0,
    "velocity": 10.0,
    "heat_mode": "simultaneous",
    "pass_gap": 0.0,
    "heat_y": 70.0,
    "heat_y_list": [
      70.0
    ],
    "target_Tmax": 900.0,
    "dt": 1.0,
    "steps": 25.0,
    "scan_time": 20.0,
    "scan_time_per_pass": 20.0,
    "scan_time_total": 20.0,
    "total_time": 25.0,
    "k": 0.045,
    "k_slope": 0.0,
    "rho": 7.85e-06,
    "cp": 500.0,
    "cp_slope": 0.0,
    "h_conv": 5e-05,
    "quench": false,
    "quench_start": null,
    "quench_h_conv": null,
    "quench_T_inf": null,
    "emissivity": 0.0,
    "picard": 1.0,
    "T_inf": 293.0,
    "T_ref": 293.0,
    "E": 210000.0,
    "nu": 0.3,
    "alpha": 1.2e-05,
    "bc": "corner_pins",
    "use_inherent": true,
    "eps0": 0.0002,
    "inh_sigma": 20.0,
    "inh_zfrac": 0.5
  },
  "thermal": {
    "T_min_final": 294.44194277157715,
    "T_max_final": 704.2655241061804,
    "T_max_global": 1014.9809310858022,
    "t_at_T_max_global": 20.0,
    "x_source_at_T_max_global": 200.0,
    "idx_at_T_max_global": 20.0,
    "x_at_T_max_global": 200.0,
    "y_at_T_max_global": 69.99999999999973,
    "z_at_T_max_global": 10.0
  },
  "mechanics": {
    "w_min": -0.04778820797457136,
    "w_max": 0.012275597870165548,
    "idx_w_min": 20.0,
    "x_w_min": 200.0,
    "y_w_min": 69.99999999999973,
    "z_w_min": 10.0,
    "idx_w_max": 15.0,
    "x_w_max": 0.0,
    "y_w_max": 70.00000000000004,
    "z_w_max": 0.0,
    "camber_midspan_edge_to_edge_mm": -0.008838982547470904,
    "w_mid_edge_y0_mm": -0.011873825251957501,
    "w_mid_edge_yLy_mm": -0.020712807799428405,
    "x_midspan_mm": 100.0,
    "x_band_mm": 64.0,
    "y_band_mm": 25.0,
    "camber_nodes_used_min": 6.0
  }
}