{
  "Lx": 3000.0,
  "Ly": 1000.0,
  "thickness": 49.0,
  "h": 60.0,
  "h_refine": 30.0,
  "refine_band": 120.0,
  "q0": 5800.0141391490915,
  "r0": 9.0,
  "velocity": 10.0,
  "heat_mode": "simultaneous",
  "pass_gap": 0.0,
  "pass_repeats": 1.0,
  "heat_y_list": [
    166.67,
    333.33,
    500.0,
    666.67,
    833.33
  ],
  "dt": 3.0,
  "extra_time": 300.0,
  "T_inf": 20.0,
  "h_conv": 25.0,
  "bc": "centerline_fixed",
  "use_inherent": true,
  "eps0": 0.011116693766702426,
  "inh_sigma": 40.0,
  "inh_zfrac": 0.5,
  "E": 210000.0,
  "nu": 0.3,
  "alpha": 1.2e-05,
  "rho": 7.85e-06,
  "cp": 500.0,
  "k": 0.045,
  "out": "results/keel_plate_opt_loop/iter_03"
}