{
  "out": "/Users/rameshkolluru/MyProjects/Ship_Plate_Bending_LineHeating/results/keel_plate_li2023_scaled",
  "runner": {
    "report_only": false,
    "no_build": true,
    "no_report": false
  },
  "simulation": {
    "Lx": 3000.0,
    "Ly": 1000.0,
    "thickness": 49.0,
    "h": 40.0,
    "h_refine": 20.0,
    "refine_band": 100.0,
    "heat_y_list": [
      166.66666666666666,
      333.3333333333333,
      500.0,
      666.6666666666666,
      833.3333333333334
    ],
    "heat_mode": "sequential",
    "pass_gap": 60.0,
    "pass_repeats": 2,
    "dt": 2.0,
    "extra_time": 200.0,
    "q0": 74.83530385382183,
    "r0": 7.0,
    "gaussian_beta": 3.0,
    "velocity": 9.600000000000001,
    "target_Tmax": 1473.15,
    "target_Tmax_tol": 20.0,
    "target_Tmax_iters": 3,
    "k": 0.05,
    "k_slope": -0.000248,
    "rho": 7.85e-06,
    "cp": 460.0,
    "cp_slope": 0.000382,
    "h_conv": 5e-05,
    "h_conv_top": 5e-05,
    "h_conv_bottom": 5e-05,
    "emissivity": 0.8,
    "T_inf": 293.15,
    "T_ref": 293.15,
    "E": 210000.0,
    "nu": 0.28,
    "alpha": 1.2e-05,
    "E_table": "20:210000,250:187000,500:150000,750:70000,1000:2000,1500:1500",
    "nu_table": "20:0.28,250:0.29,500:0.31,750:0.35,1000:0.40,1500:0.49",
    "alpha_table": "20:1.2e-5,250:1.2e-5,500:1.39e-5,750:1.48e-5,1000:1.34e-5,1500:1.33e-5",
    "bc": "centerline_fixed",
    "use_inherent": true,
    "eps0": 0.04324228380772272,
    "inh_sigma": 7.0,
    "inh_zfrac": 0.2,
    "vtk_deform_scale": 50.0
  }
}