{
  "out": "results/li2023_case_006_j2_elastoplastic_strong_compare",
  "runner": {
    "report_only": false,
    "no_build": true,
    "no_report": true
  },
  "simulation": {
    "Lx": 400.0,
    "Ly": 300.0,
    "thickness": 14.0,
    "h": 20.0,
    "h_refine": 5.0,
    "refine_band": 60.0,
    "q0": 25.346643658167046,
    "r0": 7.0,
    "velocity": 11.0,
    "heat_mode": "sequential",
    "pass_gap": 0.0,
    "target_Tmax": 1173.15,
    "dt": 2.0,
    "k": 0.05,
    "k_slope": -0.0002484497101083943,
    "rho": 7.82e-06,
    "cp": 460.0,
    "cp_slope": 0.00038192808057781045,
    "h_conv": 5e-05,
    "h_conv_top": 5e-05,
    "h_conv_bottom": 5e-05,
    "gaussian_beta": 3.0,
    "emissivity": 0.8,
    "picard": 1,
    "T_inf": 293.15,
    "T_ref": 293.15,
    "E_table": "20:205000,250:187000,500:150000,750:70000,1000:2000,1500:1500",
    "nu_table": "20:0.28,250:0.29,500:0.31,750:0.35,1000:0.40,1500:0.49",
    "alpha_table": "20:1.1e-5,250:1.2e-5,500:1.39e-5,750:1.48e-5,1000:1.34e-5,1500:1.33e-5",
    "E": 205000.0,
    "nu": 0.28,
    "alpha": 1.1e-05,
    "bc": "centerline_fixed",
    "inh_sigma": 7.0,
    "inh_zfrac": 0.2,
    "heat_y_list": [
      150.0
    ],
    "pass_repeats": 2,
    "extra_time": 200.0,
    "target_Tmax_tol": 20.0,
    "target_Tmax_iters": 3,
    "use_inherent": false,
    "eps0": 0.0,
    "use_elastoplastic": true,
    "sigma_y0": 250.0,
    "hardening_H": 1000.0,
    "plastic_iters": 5,
    "plastic_tol": 1e-06,
    "vtk_deform_scale": 50,
    "strong_coupling": true,
    "coupling_mech_iters": 1
  }
}